meanB,meanG,meanR,modeB,modeG,modeR,batch,concentration,image,predicted_concentration
90.25865085455179,78.58857476950756,96.63902204408815,89.98953610045344,78.92961547110413,99.19839679358716,batch1,2.5,2.5-4_batch1.csv,-8.661582386814587
83.86984509025733,82.8535587827213,73.08863530849113,84.49622327486878,81.58357228748497,75.74832009773976,batch2,2.0,2.0-1_batch2.csv,1.8161191305469515
85.9290895460225,82.04303773038696,78.37603781228898,84.96459808413161,83.37354048055583,79.00067521944632,batch3,8.0,8.0-5_batch3.csv,1.860980887916071
83.16199891833425,82.66228353658536,78.86755959963604,82.74743104380748,81.4596036585366,79.84531392174705,batch3,20.0,20.0-4_batch3.csv,7.360436759902143
87.3246883666618,86.33615916316272,81.56787665622741,86.70267114289884,85.83735001538304,80.9443507588533,batch2,20.0,20.0-4_batch2.csv,22.097913203172084
84.58067467362926,83.40204427767355,75.18305546218488,85.37859007832898,84.42776735459663,76.26050420168067,batch2,10.0,10.0-3_batch2.csv,6.906894465270739
92.94044989775051,83.78794353771505,98.3325,95.0920245398773,85.35509483899426,99.4318181818182,batch1,15.0,15.0-5_batch1.csv,13.978692317899004
84.57228187197418,85.13683410138249,77.01725874125876,84.72296933835396,85.54147465437788,77.36013986013987,batch3,25.0,25.0-5_batch3.csv,16.15852539656106
85.07737547622406,82.07012114602955,80.60751086696919,84.66205728799208,82.9780906116784,81.68139479340817,batch3,0.0,0-5_batch3.csv,3.7856099112574384
87.46863012117717,85.53662850182705,84.6277773279352,85.68955568378536,84.04384896467722,85.02024291497975,batch2,20.0,20.0-5_batch2.csv,18.74558395985173
87.77865120882227,88.96745438300408,84.72862688713157,88.22281917149724,89.34776134220192,84.11214953271029,batch2,40.0,40.0-5_batch2.csv,34.90185956068626
90.86495955369597,89.0360386172532,95.14826832720068,94.83960948396096,92.49454998442852,96.8015850551939,batch1,30.0,30.0-2_batch1.csv,36.1241617403619
92.46509878213803,85.60239396628216,100.21598973042363,93.36941813261164,86.84560780834073,102.05391527599488,batch1,20.0,20.0-2_batch1.csv,21.949635662826495
91.82182157031922,86.58584724847137,101.77507463651051,91.11302847282138,85.04724847137298,100.80775444264944,batch1,25.0,25.0-4_batch1.csv,31.076863582269823
82.74455249500997,82.48532981629769,77.37747774086377,83.03393213572853,83.08996702779085,77.74086378737542,batch3,20.0,20.0-3_batch3.csv,7.226961728757033
85.96392757371963,88.0826716306776,77.25728464730291,86.91153647180549,88.79374534623977,77.80082987551867,batch2,30.0,30.0-1_batch2.csv,27.12288400899797
90.53445257654968,91.58358411552345,93.13319209486166,89.61911874533234,91.90304280556988,93.2806324110672,batch2,50.0,50.0-3_batch2.csv,46.678283126669385
91.12742621599341,93.71254640980736,86.39848698035634,92.3330585325639,93.6952714535902,86.34079488350845,batch2,50.0,50.0-1_batch2.csv,51.665371851300904
84.37547152619591,84.55458888277381,73.77044382247101,87.31966590736523,87.50687947165659,75.56977209116353,batch2,8.0,8.0-1_batch2.csv,10.730935073648197
92.62491998614482,89.35485625139293,104.06323487312946,93.52268791132664,90.26075328727435,105.40013012361744,batch1,50.0,50.0-2_batch1.csv,40.59494092412331
93.86077257465983,81.74833999322722,102.11968367691789,94.36296165400246,84.32102946156452,105.44102737411286,batch1,0.5,0.5-4_batch1.csv,3.3003636872844027
89.03801914823373,79.97253374099148,98.50249836494442,90.12875536480686,82.55077527844507,100.06540222367562,batch1,10.0,10.0-4_batch1.csv,1.4049043443876599
86.00258316575696,81.70742421200563,81.44825997045791,87.0439528871014,83.11584019273238,82.7178729689808,batch2,2.5,2.5-3_batch2.csv,1.8886419577371498
92.52174250563161,81.69939761453574,99.54645131878867,92.53162363541848,84.2715416341545,97.6880494952784,batch1,10.0,10.0-5_batch1.csv,9.913017230236676
94.89169874476987,83.26037779767235,101.45721739130435,97.28033472803348,86.61593554162937,104.74308300395258,batch1,8.0,8.0-3_batch1.csv,8.685534075185103
89.9817432105787,91.03072647317501,84.53209877682897,90.43082610550265,91.4687774846086,83.0833141010847,batch3,50.0,50.0-3_batch3.csv,42.20294841147876
85.19211579609818,87.96192681353119,75.38621620529398,87.60226557583385,89.59351092266569,73.95433420893109,batch2,30.0,30.0-5_batch2.csv,29.401300225207876
87.58622260569456,81.46087447781976,84.0072473444613,89.73252804141501,81.46011537696438,84.21851289833081,batch3,1.0,1.0-2_batch3.csv,2.3832199178422115
86.9933720830351,87.67196811446091,86.64499150579151,88.47530422333573,89.21819110884006,88.03088803088804,batch2,30.0,30.0-3_batch2.csv,29.04996313583524
91.2764114946438,81.30134110525728,99.69928897715987,93.86158816527802,83.73500728617869,103.27706057596822,batch1,5.0,5.0-5_batch1.csv,2.9221636000739295
87.22505621513376,84.13682256596907,79.63551382756216,89.25761693606066,85.53230209281165,81.57099697885195,batch2,10.0,10.0-1_batch2.csv,9.009639028081665
86.40142978723404,82.51996051332677,80.69129078014186,85.1063829787234,82.6258637709773,80.85106382978724,batch3,8.0,8.0-2_batch3.csv,5.288191125576134
83.54482120194102,84.18793536156,72.57188463802238,83.61328854050019,84.49941319851945,72.98410829899942,batch3,15.0,15.0-2_batch3.csv,10.437198294998552
88.61722075910149,81.05747533117764,93.73949514563105,91.0921766072812,83.55064149368937,96.20476610767872,batch1,2.0,2.0-1_batch1.csv,2.6219060076064693
86.2935079707023,81.81980849141824,81.37612601525966,87.03145196036192,84.01084010840108,82.69751415210435,batch2,2.5,2.5-5_batch2.csv,1.876061195483942
91.10865979381444,88.80126976744187,82.84048073394496,91.06529209621992,88.95348837209302,83.25688073394495,batch3,30.0,30.0-4_batch3.csv,27.881145457637103
85.94079954115286,83.21502556875377,81.17853827636014,86.03383997705765,85.16206965975438,82.3302840635532,batch3,5.0,5.0-4_batch3.csv,8.067568405714667
93.41503339744712,86.89456695188356,103.37131873161164,95.47123623011016,89.00988998777643,105.91696632886564,batch1,25.0,25.0-2_batch1.csv,27.64307488905905
88.2498255781555,86.53800117901356,82.14830855539974,92.78350515463916,87.5417567302024,81.34642356241234,batch2,25.0,25.0-4_batch2.csv,23.899033027039195
85.82196853682306,82.74655714715016,83.54435551092142,86.03647501044132,82.94099969948914,85.11172483052975,batch3,2.0,2.0-4_batch3.csv,7.089994517410219
83.68299672296445,83.05278361075545,72.19387842669845,83.94252583816485,83.95829522590086,71.51370679380214,batch2,2.5,2.5-1_batch2.csv,6.836414367408679
93.83427906976745,83.58507925801013,95.6951519434629,95.93023255813952,85.37099494097808,98.0565371024735,batch1,8.0,8.0-1_batch1.csv,8.804470109045269
91.6339863098942,85.51352960526316,91.63832414553472,94.2750466708152,86.9654605263158,93.4399117971334,batch1,20.0,20.0-1_batch1.csv,17.712728184147693
91.22953094793965,89.40675931520646,106.18940818397024,92.589452263863,90.6344410876133,107.5414271220832,batch1,40.0,40.0-4_batch1.csv,43.743069602527726
88.89039548022598,83.9276437443199,84.62064251811141,92.13385484571924,83.6110269615268,86.18536097926554,batch2,8.0,8.0-3_batch2.csv,10.141728384485816
82.9223979554582,83.53940054881826,71.3753400801986,83.97225264695145,86.04054173674427,71.03303417987398,batch3,10.0,10.0-4_batch3.csv,8.996409903494055
84.31626492696071,81.1283908068849,79.86823030595039,83.39242660615515,82.37986270022883,80.9443507588533,batch3,2.5,2.5-2_batch3.csv,0.07570285464259996
89.90883356643359,90.81993020134229,83.65954516853932,88.1118881118881,88.87823585810163,82.24719101123596,batch3,50.0,50.0-1_batch3.csv,40.166774125189704
87.82833733578187,83.3013068756821,81.9132232591529,90.6907755332674,83.93689850183549,83.2735104091888,batch2,8.0,8.0-4_batch2.csv,7.210412905453268
83.18312248628885,81.24328999813746,72.99832658123191,83.83389919038913,82.13820078226858,74.41091360066143,batch3,0.0,0-1_batch3.csv,-2.4939772211823765
90.10272093999163,91.07827764434624,84.96417771701982,88.96349139739824,89.92218272648668,84.07382091592618,batch3,50.0,50.0-2_batch3.csv,41.32239353728971
89.46087192118227,86.34170735650767,95.55873226544621,89.59359605911331,87.30800323362975,96.10983981693364,batch1,25.0,25.0-5_batch1.csv,27.019503026707525
87.20326739536125,89.67823429541593,84.74127754532775,87.97653958944282,90.83191850594228,85.77405857740585,batch3,40.0,40.0-5_batch3.csv,36.382321347619836
86.36937012802277,83.54217863682604,85.13087022900763,89.61593172119488,84.23194303153612,87.02290076335879,batch2,10.0,10.0-5_batch2.csv,11.159928809904443
87.10638966872543,81.49078873239436,81.76037633365667,87.59124087591242,81.86619718309859,82.20174587778855,batch3,1.0,1.0-5_batch3.csv,0.9256080228564088
86.74153447531309,81.68734132822735,80.6915868131868,86.36821649632935,82.53552353119017,82.05128205128204,batch3,1.0,1.0-1_batch3.csv,0.035716162389462625
82.38085497726125,81.4782103334555,71.04594258373207,82.61748357756443,82.44778307072188,71.77033492822967,batch2,0.5,0.5-2_batch2.csv,-0.9959115211593144
89.89268806953595,87.52406118622322,83.44334514528704,89.1630450021029,86.15414980755946,82.91991495393339,batch2,25.0,25.0-5_batch2.csv,25.263008355138368
89.11769764837626,91.44358459743292,86.87480305927342,88.1858902575588,91.89031505250875,86.75908221797323,batch3,50.0,50.0-4_batch3.csv,44.147284334687924
83.5508161485441,80.12029518251062,78.46727298645759,84.40005626670417,81.01691561974478,79.11617961511047,batch3,2.5,2.5-1_batch3.csv,-3.168317934717379
86.20438017229205,83.58958340847613,78.35620360648254,88.97048439485948,83.85933273219116,79.43391919653047,batch2,10.0,10.0-2_batch2.csv,8.356139517250995
84.34191254644183,81.90587828881303,79.47561512685496,84.88139468419547,83.14922675235991,81.85734801340354,batch2,2.0,2.0-4_batch2.csv,1.668805757533221
87.83906217821783,90.12746893617022,80.04296213903743,87.12871287128714,88.51063829787235,78.93048128342247,batch2,40.0,40.0-1_batch2.csv,37.16257408332882
83.01008766982827,82.32871510871587,71.41708229626657,84.59369392463472,84.46385430217431,72.26013649136893,batch2,1.0,1.0-1_batch2.csv,2.3414485545102934
92.27171903179875,91.41328870292885,98.1768792750658,91.124822021832,91.7283553266817,99.97076878105815,batch1,30.0,30.0-3_batch1.csv,44.862791484730565
86.25556218905473,82.57119362186788,79.38119026149683,87.06467661691542,82.85876993166288,79.80162308385933,batch3,15.0,15.0-5_batch3.csv,5.044166225626213
83.99496639241389,81.06347928994082,80.07007221812822,85.34374564216985,81.23558319125465,81.79808400884303,batch2,0.0,0.0-5_batch2.csv,-0.06643770939155047
91.65778797739338,88.99829869112877,110.12292215568864,92.48158931323856,89.60733862848194,110.95456146530468,batch1,50.0,50.0-4_batch1.csv,44.528493395222654
92.06146932370943,88.28093207898273,94.32256591099916,90.38129609289189,86.52951514524966,95.71788413098238,batch1,30.0,30.0-4_batch1.csv,29.894712003680752
86.82533525632621,90.82204182981569,78.61155293622394,87.32135833224072,91.96829338172095,77.66785939802146,batch2,40.0,40.0-2_batch2.csv,40.46805554675905
91.60082100566328,81.59205583250251,98.1206728493764,94.73142268748926,83.74875373878365,100.7355292612728,batch1,10.0,10.0-2_batch1.csv,4.2676842541056885
85.75242354759759,85.94117424733673,72.6157319223986,87.33736957361846,85.8730893932376,72.89829512051735,batch2,20.0,20.0-1_batch2.csv,15.99019850192883
84.32974842767297,83.41212189616253,75.40344547759932,84.11949685534591,82.95711060948082,74.80980557903635,batch2,15.0,15.0-5_batch2.csv,9.336403978547764
95.67956101083033,89.37372723153604,109.16251872399447,95.30685920577618,89.71454463072044,113.38418862690708,batch1,40.0,40.0-3_batch1.csv,36.20533653304733
84.65528122192272,80.58115774119607,88.5649915682968,84.45642407906558,79.70410502187956,87.68971332209107,batch1,0.0,0.0-1_batch1.csv,5.527173229428058
82.67461445783132,82.45620066396164,72.32749232012937,83.58433734939759,82.99520472150498,72.75666936135814,batch2,0.5,0.5-1_batch2.csv,4.146854379900105
88.59938368397154,82.20895765942103,90.23103077349599,91.72090207355836,85.29926856907387,93.15220404768506,batch1,8.0,8.0-2_batch1.csv,4.892132082845876
89.36694520092992,80.80189226335624,96.45746060217812,92.6602457655264,83.7951673686544,99.93593850096092,batch1,0.5,0.5-5_batch1.csv,1.2407555466673443
85.60971282342905,82.44664460833168,81.195587808418,87.85897071367641,84.31333466214869,82.72859216255442,batch3,5.0,5.0-5_batch3.csv,5.232718541163081
85.52974840322135,82.11239364830428,79.44599163179916,86.64259927797835,82.92491668300333,78.10320781032077,batch3,0.0,0-2_batch3.csv,6.442158100261906
88.90706893353943,83.44374984520125,90.6150016713092,90.88098918083462,85.44891640866872,92.75766016713092,batch1,15.0,15.0-2_batch1.csv,10.72493838208294
91.85132120828722,82.57799185378592,92.05210559182517,90.14708208129052,84.59530026109661,94.52171444791372,batch1,5.0,5.0-2_batch1.csv,3.379394073094886
94.1240669456067,90.61562578334826,105.84260869565217,95.18828451882844,91.65174574753804,105.7312252964427,batch1,50.0,50.0-3_batch1.csv,47.382521948100816
83.51091607580253,83.78188082950174,71.13314297014041,84.31094495294573,84.45153420287136,71.78168874826973,batch2,15.0,15.0-1_batch2.csv,7.757409783936339
84.72396067917784,80.0641037677579,83.35649292081803,87.57819481680072,79.67881408276715,85.73675930781332,batch1,0.0,0.0-4_batch1.csv,-3.569001539985379
88.77480688979136,87.52743437530818,83.04538740863005,88.2229379638706,86.97367123557835,84.88564017920302,batch2,25.0,25.0-2_batch2.csv,23.093625391285684
83.98051802403205,86.46844452353413,70.82062408690766,84.47627139215925,88.08612865913338,70.23787226072298,batch3,25.0,25.0-2_batch3.csv,19.987095151694746
83.7847374301676,80.8324157480315,78.62935211267606,82.96089385474862,81.496062992126,79.57746478873239,batch3,2.5,2.5-3_batch3.csv,-1.1691188783963185
85.78913846583762,82.2905911773532,81.51201366853797,86.349028922733,82.82484745423626,82.01122772760557,batch3,2.0,2.0-5_batch3.csv,5.515508498497013
83.51321199744734,82.60064820816741,71.25524745356502,88.06636885768987,85.84128160014816,73.69682444577592,batch2,0.0,0.0-4_batch2.csv,1.4475401778323658
83.36773986116184,85.53913736604376,72.37603517491875,84.03361344537815,84.49207333274289,71.68801376409864,batch3,25.0,25.0-4_batch3.csv,17.806586510646355
89.99481161210623,85.39800981996726,90.75624809575626,89.87029030265595,85.6178396072013,92.21980413492928,batch1,20.0,20.0-3_batch1.csv,18.187992119663193
84.86243804755945,82.58217675908318,82.27648920863308,88.4438881935753,83.77539785807227,84.09823865045894,batch3,0.5,0.5-5_batch3.csv,7.204699227891069
86.24489479060266,83.95722601509162,74.07846104928458,86.5679264555669,84.08192597915918,74.52305246422894,batch3,8.0,8.0-1_batch3.csv,7.469583335759694
92.46283727151136,93.47282886216468,94.01717001828153,91.84128399465,93.43200740055504,94.01932619482892,batch2,50.0,50.0-5_batch2.csv,53.333176398281466
86.86905768343333,79.52352069357002,87.51143605461132,87.67881864328564,78.95551656517699,90.27584285316244,batch1,2.5,2.5-1_batch1.csv,-6.676455254706809
86.67493730671914,84.03386083817925,78.19762962962965,87.71436603879674,85.72287948666533,79.56104252400549,batch2,10.0,10.0-4_batch2.csv,8.828426621618462
91.48512986608532,90.56498004525817,94.5443622308117,92.49454998442852,91.64780909277926,95.25124240750966,batch1,50.0,50.0-5_batch1.csv,41.97543661614503
91.03408092485549,81.83742566903332,99.69348608837969,93.14616019818332,84.54396504642273,102.12765957446808,batch1,8.0,8.0-4_batch1.csv,6.885233634846941
90.51037357052098,82.75851340996168,96.59614077669903,93.39263024142312,85.24904214559388,99.21116504854368,batch1,1.0,1.0-3_batch1.csv,9.371401870157854
88.76692101616628,81.18334511627907,90.02603412587413,90.5311778290993,82.79069767441861,92.3076923076923,batch1,5.0,5.0-1_batch1.csv,0.7519724308895093
92.42082154423045,84.31618484614533,98.53098073886957,96.13090165331516,86.35711922355794,102.30502052415537,batch1,15.0,15.0-3_batch1.csv,13.649938040087989
88.48427688504326,81.4936798997075,92.0525806451613,90.85290482076638,83.68157124947764,94.18202764976958,batch1,1.0,1.0-4_batch1.csv,3.987958081184729
89.71947325565071,89.99132380312768,84.69873698820264,89.28822125508914,90.66487575554062,84.66342817487856,batch3,40.0,40.0-2_batch3.csv,36.07222358579526
83.20655377574371,82.81146221638853,74.06925723877467,84.66819221967964,83.53647102943934,75.53503986571549,batch2,1.0,1.0-5_batch2.csv,4.863815151176027
87.080876933423,78.17273670093874,95.019968503937,86.75184936112979,77.44747429593204,96.45669291338584,batch1,2.5,2.5-2_batch1.csv,-6.463478190979686
82.61120256718813,82.35572209093488,77.77623576691225,83.4336141195347,82.52197750259948,78.36570663094442,batch3,20.0,20.0-2_batch3.csv,6.885867166735352
91.30718100890206,91.12678530612246,93.29579682539683,87.24035608308604,90.91836734693878,94.44444444444446,batch2,50.0,50.0-2_batch2.csv,41.831032360126926
89.02785185185185,88.5906738962045,81.5649539295393,86.70033670033669,88.8845855925639,81.97831978319783,batch3,30.0,30.0-3_batch3.csv,27.901939867541785
87.47392364367047,77.8121215323646,92.08142713567837,87.40790354989953,77.2787318361955,92.33668341708542,batch1,2.5,2.5-5_batch1.csv,-8.527195321046975
93.10978442496132,88.07805312465557,104.41213721006208,94.89427539969056,86.30001102171276,105.84776216922576,batch1,40.0,40.0-2_batch1.csv,34.921709533153376
83.40487789046654,82.49312015245354,79.2259276450512,82.75862068965517,81.467365412101,79.86348122866893,batch3,20.0,20.0-1_batch3.csv,7.015000148211584
87.12688825865004,87.37940628730603,84.12411560693641,86.78389109472491,87.74373259052925,84.53757225433525,batch2,30.0,30.0-2_batch2.csv,26.95295744330258
83.34847602484471,82.70782708520179,72.72408712871287,84.96894409937887,84.75336322869956,74.85148514851485,batch3,0.5,0.5-1_batch3.csv,2.6249106452897877
93.3479438377535,81.89301995763185,99.12483284457478,97.76391055642226,84.29033337049839,102.63929618768329,batch1,1.0,1.0-5_batch1.csv,3.3570589651899923
91.39569601606962,81.89952873308188,98.40132562620423,93.40475393371274,83.8695362769026,101.15606936416184,batch1,8.0,8.0-5_batch1.csv,5.474311387687123
91.41398994277787,81.02319336891111,101.29674303405572,93.6362059996532,82.77506528897469,100.1031991744066,batch1,0.0,0.0-2_batch1.csv,8.980028350752718
85.23921577528729,82.16050197989644,83.6728488224867,87.6720102142148,84.06944867499239,85.08483160293744,batch3,2.0,2.0-3_batch3.csv,6.165863440122223
87.78162466739708,80.30328675308253,92.27439834759517,90.15495382688997,82.51659816629783,94.71820596046032,batch1,2.0,2.0-5_batch1.csv,-0.5461664167234517
89.21523546054702,81.70002897950734,89.98333071308257,90.53756680289216,82.90209066445871,90.9601347557552,batch1,0.5,0.5-2_batch1.csv,4.067235393520264
90.10520605355063,91.9777965260546,93.41183032873808,89.05704307334109,91.19106699751862,95.44008483563096,batch2,40.0,40.0-3_batch2.csv,46.34161601348819
91.57626278360989,86.0820803865583,98.71162570180911,92.4483576024382,85.9872611464968,99.18902058640047,batch1,25.0,25.0-3_batch1.csv,25.819046015523043
82.67369796785762,81.28358093063089,77.51958298061928,82.08261389294726,82.21524407650585,78.19113388282467,batch3,8.0,8.0-3_batch3.csv,1.7007633369917698
83.26438653001465,86.43404501607716,71.72464350453173,81.99121522693997,85.2090032154341,71.37462235649546,batch3,25.0,25.0-1_batch3.csv,20.323171647721892
85.47167351630979,81.45116557228005,78.72229720028714,86.21928437993964,82.73562986160219,80.40201005025125,batch2,1.0,1.0-4_batch2.csv,-0.9233238079082184
87.73548443665058,82.87484547394087,83.27279330459044,88.55765015344147,84.12069491008839,84.45346183109308,batch3,0.5,0.5-3_batch3.csv,6.095334758465697
87.65732810457517,82.07363913878498,83.5360885089263,88.8888888888889,81.87607399171131,85.24013075182297,batch3,2.0,2.0-2_batch3.csv,2.3187016101200015
95.7333167444272,88.89012484700122,104.20887074829932,96.42301710730948,89.12874151552242,106.89990281827016,batch1,30.0,30.0-1_batch1.csv,33.42764845866674
87.10825441116125,89.2844661782894,80.01702016916069,86.99220352892901,89.90581295785368,80.67664281067013,batch3,50.0,50.0-5_batch3.csv,32.19574542972805
84.55333520910602,83.0326498763623,75.27704835028015,85.17713262565546,84.89788442165033,76.57190288441586,batch3,5.0,5.0-1_batch3.csv,5.124445709903455
84.3738257875271,82.90589975349218,71.87521709875321,85.7033541640097,84.63434675431388,73.02592519295467,batch3,0.0,0-3_batch3.csv,3.0706747257659117
86.31172271081222,83.50593500738553,76.324696534235,88.46352819451631,85.57976366322009,77.97971259509721,batch3,0.5,0.5-2_batch3.csv,5.750052853707018
86.04960632225963,83.86723928901675,79.85029373336559,86.93106980828334,85.07140655501901,80.57101379143481,batch2,15.0,15.0-3_batch2.csv,10.644369035918487
91.04237037037036,92.36733410017777,89.87816141429668,89.2458723784025,90.34821708668828,91.46810146041506,batch2,40.0,40.0-4_batch2.csv,45.16222624728607
84.42474128058302,82.19718326545724,72.94478955954322,84.33107756376886,82.469455757127,74.63295269168026,batch3,0.0,0-4_batch3.csv,-0.4489392940767516
89.1191107368421,87.66601950931128,83.98077029278743,87.57894736842104,86.9051138043157,83.5515353487265,batch2,25.0,25.0-3_batch2.csv,26.714672622910086
88.66349889980928,82.3403500050932,84.49078376308398,90.65571365703389,83.42670877050016,85.77993362267041,batch3,2.0,2.0-1_batch3.csv,3.7304777476678055
85.4058427972028,83.16484824120603,82.74287407407407,84.75524475524476,83.21608040201005,82.96296296296296,batch2,5.0,5.0-2_batch2.csv,10.423731811968196
92.35540673339399,93.97431809563935,90.25667920691407,91.901728844404,94.7967137139246,91.5099135739705,batch2,50.0,50.0-4_batch2.csv,51.612840432821486
84.29967797468355,82.81192052980133,72.93582495948134,85.82278481012659,84.43708609271523,74.14910858995138,batch2,0.5,0.5-3_batch2.csv,3.367928504158499
83.74065018643833,81.70071209846893,79.3367714355113,82.86148322054964,81.05673971780246,81.61282487247996,batch2,2.0,2.0-5_batch2.csv,1.1008721790336153
92.53609214659684,83.68540972684876,93.31033030852994,91.09947643979058,84.9433710859427,94.37386569872956,batch1,20.0,20.0-4_batch1.csv,10.029458128268573
82.86716666666666,82.77182551319649,72.65048509266721,81.8452380952381,81.6532258064516,71.91780821917808,batch2,2.5,2.5-2_batch2.csv,6.506901439267267
90.22174042027194,84.16153770491803,89.9512052117264,90.85290482076638,84.8360655737705,91.20521172638436,batch1,15.0,15.0-1_batch1.csv,12.7374979318854
90.63057424419576,80.39499376844867,99.34730383480824,93.20193753131784,82.65004919645786,102.2615535889872,batch1,5.0,5.0-3_batch1.csv,0.49229015770004025
83.22459630996309,83.29621656277827,72.4194432748538,84.87084870848709,84.95102404274266,73.6842105263158,batch3,10.0,10.0-1_batch3.csv,6.219708133604058
83.89723284589425,84.36666486047142,70.34364070494598,83.98950131233595,84.52993768626389,70.49459920409322,batch3,15.0,15.0-1_batch3.csv,9.79598666065624
83.07729413336897,82.45466124917321,78.03373812179345,82.58719764800215,81.6403666257205,78.2957840731653,batch3,20.0,20.0-5_batch3.csv,7.036141536270463
87.7638352464551,88.42258994734321,81.91070790378008,88.31870357866306,88.750598372427,83.16151202749141,batch3,30.0,30.0-5_batch3.csv,28.375044614450417
85.54367656090072,83.41285745694394,75.41156810631229,87.51279426816787,84.92121656284354,76.61960132890366,batch3,5.0,5.0-2_batch3.csv,6.179838994786223
86.37479685330865,80.08013077648536,89.04622651149589,84.22026839426192,79.22037095253064,88.5608856088561,batch1,0.0,0.0-3_batch1.csv,0.8145826270679208
83.66455841584158,83.67825831842578,73.20933543307086,85.39603960396039,85.3309481216458,72.63779527559056,batch3,10.0,10.0-5_batch3.csv,10.36022205045714
88.18255009210714,84.88381454803692,87.75410526315788,89.27306220773701,85.82733083088162,88.66995073891626,batch2,8.0,8.0-5_batch2.csv,17.231829747234258
83.94710328997702,82.70585943552848,72.61950303520841,83.39709257842387,83.01051466519093,72.84500202347228,batch2,0.5,0.5-4_batch2.csv,3.8910870970033784
83.64844778018063,83.0707109842556,72.88088369280388,83.95878386973668,83.69395083325661,73.77544849828664,batch2,5.0,5.0-4_batch2.csv,5.227144572102588
88.74276563803171,86.77895703354915,82.18764788076386,90.9090909090909,85.63861094761624,83.83791336748953,batch2,25.0,25.0-1_batch2.csv,20.3877071292751
86.6168221748401,82.96779799980196,81.67494355799,86.1407249466951,83.77067036340232,82.16241962371993,batch3,8.0,8.0-4_batch3.csv,7.324046666629556
82.29522173531988,82.76768728680742,70.0201287302516,82.63428070614748,84.63169539964967,70.80163838502047,batch2,0.0,0.0-1_batch2.csv,3.866875470437435
85.9250869188565,82.7478706528371,77.80750070921987,89.22899220329194,84.19768151311776,80.1418439716312,batch2,2.0,2.0-3_batch2.csv,3.2400170185538286
85.34828370747832,81.98735411639804,81.3242788077916,87.59124087591242,83.38963420519255,81.67096925604318,batch3,10.0,10.0-2_batch3.csv,5.267084658548697
83.92882758620689,82.54958891966758,72.6620981744422,85.82375478927203,83.93351800554018,73.63083164300204,batch2,0.5,0.5-5_batch2.csv,2.920949542762969
88.92629556650246,81.86460025010422,91.67656750572083,91.4408866995074,83.47228011671531,93.53546910755148,batch1,1.0,1.0-2_batch1.csv,5.225693064254699
82.16173503836316,82.23656994434135,71.4336384,82.86445012787723,82.6530612244898,72.0,batch2,15.0,15.0-4_batch2.csv,2.988535204384334
85.5575835777126,80.73748691304773,79.24134754797443,86.30079597821533,81.16851289089304,79.60199004975124,batch3,1.0,1.0-3_batch3.csv,-1.9272924170275019
88.6226345083488,81.63338849813819,85.33743949044587,89.98144712430425,80.05792304509723,86.78343949044586,batch1,0.5,0.5-1_batch1.csv,0.8658189887187859
88.08295299356755,79.86155921707396,100.27311029165271,91.04403760514596,82.60533008957204,103.5869929601073,batch1,2.0,2.0-3_batch1.csv,1.1564684259411706
89.02132671629445,89.68123251847638,82.84652357431524,86.02150537634408,90.39226833428084,81.49977548271218,batch3,40.0,40.0-1_batch3.csv,35.52599891947165
91.8671351920042,81.0268736380995,100.2298821178821,88.37453971593898,82.89340671683702,103.89610389610388,batch1,10.0,10.0-3_batch1.csv,-0.23575682270598008
89.64541935483872,81.91377101747173,96.38462300884956,90.3225806451613,82.32271325796506,97.34513274336284,batch1,10.0,10.0-1_batch1.csv,8.26213305384772
80.5830608695652,81.70048318264017,75.39227899159664,81.15942028985508,82.18806509945752,76.89075630252101,batch3,0.5,0.5-4_batch3.csv,3.578837391001855
86.91198214285714,87.67433161851999,79.08669462169553,87.890625,89.0383854372774,79.99088422971741,batch2,30.0,30.0-4_batch2.csv,25.032195287613547
92.68038291302109,88.93611916228022,110.60845811240722,91.61091096242924,88.6997424123642,110.28632025450688,batch1,40.0,40.0-5_batch1.csv,44.51909914858129
84.23796124727319,83.18822496062262,73.39809196811771,85.46131143333761,83.38738070971927,73.57449417535254,batch2,2.0,2.0-2_batch2.csv,6.597591304271873
92.1826510191476,90.11121112929621,92.90606311207836,91.72328597899936,91.14157119476268,93.8520130576714,batch1,40.0,40.0-1_batch1.csv,37.60006757545324
86.56692380830013,86.38077427700266,75.24816575258988,87.11293845560837,86.48249099140719,75.56368068251068,batch2,20.0,20.0-2_batch2.csv,18.264799590906364
84.93304499054823,85.62042813227758,73.8519087790111,87.71266540642722,86.35305076851421,74.47023208879921,batch2,8.0,8.0-2_batch2.csv,16.161286502475434
88.08614106870228,80.88497686796315,87.62451008174386,91.6030534351145,82.90685772773797,89.91825613079018,batch1,1.0,1.0-1_batch1.csv,-0.7943436864110254
84.55338715878509,82.76519412362559,73.39181322957198,83.81391772395233,83.98780375127043,74.33954536145812,batch2,2.5,2.5-4_batch2.csv,2.9490082144469625
91.89512232030263,90.68782248029864,95.9384966139955,92.6860025220681,91.45582745748652,96.50112866817156,batch1,50.0,50.0-1_batch1.csv,43.03375685064208
84.25205687203793,80.67249695301749,77.68812353766963,85.30805687203792,82.26852761942206,80.01871782873187,batch2,0.0,0.0-3_batch2.csv,-4.307313378773756
82.98966314986652,82.69602738965484,70.35409160605467,83.13207067497139,81.61376885352088,71.9481030076666,batch2,0.0,0.0-2_batch2.csv,1.7684574576524028
91.35619144430328,89.90416681146829,84.17886886379351,91.4866581956798,90.35621198957428,85.04263655220096,batch3,30.0,30.0-1_batch3.csv,32.515944346924584
86.32223250532293,83.14062558486808,81.988666827503,88.57345635202272,85.11697361871578,83.95657418576597,batch3,5.0,5.0-3_batch3.csv,7.274304057303198
93.91362337249923,88.97820832470494,99.86544371649792,95.2683391552874,90.39138537999588,100.95294818344252,batch1,30.0,30.0-5_batch1.csv,35.50363975453524
89.83957289527723,91.59508543969245,85.4108655052265,90.34907597535936,91.6866890917828,85.01742160278746,batch3,40.0,40.0-3_batch3.csv,43.836335254537346
90.04011389297987,80.85241211594834,98.31045404352064,91.31075110456554,82.0757789599392,101.33160116921078,batch1,5.0,5.0-4_batch1.csv,1.9142180630217354
90.15064771287824,88.32385381294964,83.6996476300578,87.82547501759325,88.92086330935251,84.62427745664739,batch3,30.0,30.0-2_batch3.csv,26.180660228019974
81.38438729198187,81.13841492864985,70.9789507154213,82.45083207261726,82.32711306256861,72.13831478537361,batch3,2.5,2.5-5_batch3.csv,-1.7579919773928054
87.2155372838106,83.43012287887653,79.35688745980706,86.75928551176636,83.38209479227618,79.9265043638034,batch3,15.0,15.0-4_batch3.csv,7.06228320725171
91.26911507200913,89.7623646004049,82.7379594809925,91.54427491800942,87.6313506218066,81.94855451855224,batch3,40.0,40.0-4_batch3.csv,33.344947368175895
84.98656324167871,83.372345177665,80.82676997578693,85.96237337192476,84.06091370558376,82.08232445520582,batch2,15.0,15.0-2_batch2.csv,9.597198099498655
89.93988887202063,85.76055497057914,96.62272453498672,91.08850766661604,88.26262000619387,99.2028343666962,batch1,20.0,20.0-5_batch1.csv,22.24324757971914
92.90777306903622,84.46192242532322,101.5765625,95.35201640464796,85.26526972804281,104.4921875,batch1,15.0,15.0-4_batch1.csv,16.414584742961438
85.42184933530281,82.45092936380014,78.82771126602205,86.20921176312609,82.77235232767612,79.60422756914775,batch3,15.0,15.0-3_batch3.csv,4.615009388610474
88.8010661661192,81.48927083113873,93.76454111405836,88.22149225715627,81.53376171916148,95.49071618037136,batch1,2.0,2.0-4_batch1.csv,4.410668685777296
91.25304950495048,87.67284555510038,91.51624454148472,92.82178217821784,89.41007783695207,92.52183406113537,batch1,25.0,25.0-1_batch1.csv,27.957102880147374
84.20605877920121,84.58684142514306,74.00812971220104,81.38658628485305,85.56396529444342,74.78719092014592,batch2,5.0,5.0-3_batch2.csv,11.06108052299777
87.3793114382786,86.72472260136493,79.56460861594867,89.1845979614949,86.71216378964272,81.11824014665444,batch2,20.0,20.0-3_batch2.csv,20.105977377954446
86.21697134154782,82.42305841325197,81.89186455126686,88.05205593243804,84.56843940714907,82.40587260241534,batch3,10.0,10.0-3_batch3.csv,6.193415908602617
90.34236329903862,80.87213586413586,97.76230556449015,92.0897284533648,83.9160839160839,101.3187520102927,batch1,0.5,0.5-3_batch1.csv,0.7773921806785324
84.68728433769596,81.03329483955335,80.570195732156,86.29368617862792,83.29141937430842,82.41353936718174,batch2,1.0,1.0-3_batch2.csv,-0.668946226209755
82.96207928159076,82.14583660191468,71.497164485605,83.13021167415009,82.81438795427084,72.47835715723777,batch2,1.0,1.0-2_batch2.csv,1.0805582462700158
87.76621840068788,82.36277175435089,82.78760374568752,86.84436801375752,82.81656331266254,83.53868900936422,batch3,1.0,1.0-4_batch3.csv,3.727937610197273
88.44328611898015,80.85884831817219,93.64243291592129,91.59584513692162,83.77406388830124,96.6010733452594,batch1,2.0,2.0-2_batch1.csv,1.4280880219359346
86.34857240398294,82.42671539225421,82.51392469437654,84.4950213371266,82.22442899702085,82.1515892420538,batch2,5.0,5.0-1_batch2.csv,6.633105761885872
85.77757863501483,87.58822014388488,73.69395348837209,85.31157270029675,88.21942446043165,72.67441860465117,batch3,25.0,25.0-3_batch3.csv,24.82814766406034
86.86963166953528,82.96041877256317,82.6330137524558,85.19793459552496,83.03249097472924,83.25147347740668,batch2,5.0,5.0-5_batch2.csv,7.100930789619099
83.06063880518803,81.16868552226268,72.71990027010182,84.10847635267916,82.32987958555026,73.55079991689175,batch3,2.5,2.5-4_batch3.csv,-1.942732953975053
88.68030256809338,80.48180471100964,89.43663443596267,90.58365758754864,78.44764968351146,91.6030534351145,batch1,0.0,0.0-5_batch1.csv,-2.382796413593212
90.39484619368203,78.80353163571667,94.3855518913676,90.10875194199896,78.06071388858,96.99321047526674,batch1,2.5,2.5-3_batch1.csv,-9.391337931105568
